{"real": [2.23161442612393, 2.243580891232463, 1.8538366979584002, 2.092741432197894, 2.70472645146382, 2.7985398948413676, 2.4203751858239366, 2.380183858988562, 1.879657810263224, 2.3187974078091163, 2.4881256861884227, 1.9271659076777719, 2.586066734042301, 2.242971319037546, 1.9906985769871146, 2.273039528985672, 2.2819650903481636, 1.7845815498766555, 2.4568668429294136, 2.241158351590102, 2.0096870287393904, 2.0199891663320084, 2.00151789557412, 2.5844803094884616, 2.2834449890988835, 2.178303740187658, 2.589363746626546, 2.522773975474702, 2.0762691770795807, 2.157686604391742, 1.9787597045313072], "generated": [2.5029532022850467, 2.178625222690473, 1.9297901419171253, 2.1997755833845862, 2.6623613672558735, 2.633002030135174, 2.490788548730317, 2.39686362816621, 2.0881612052581997, 2.1431493490677513, 2.6325498516131582, 2.051328354324093, 2.2287143833906495, 3.7244321134694607, 2.038491999361978, 2.6415531653064983, 2.4831507767030576, 1.5356047122851748, 2.28583980025681, 2.225141904043187, 2.6485816992507063, 2.119101253516068, 2.082290990415604, 2.9933915768305304, 2.2547132780742682, 2.4622105608926748, 3.0758513750251875, 2.3904315697859704, 2.4540692142676503, 2.2875728652942326, 2.392457004128447], "predictions": {"real": [1, 1, 1, 1, 1, 1, 1, 1, 1, 1, 1, 1, 1, 1, 1, 1, 1, 1, 1, 1, 1, 1, 1, 1, 1, 1, 1, 1, 1, 1, 1], "generated": [1, 1, 1, 1, 1, 1, 1, 1, 1, 1, 1, 1, 1, 1, 1, 1, 1, 1, 1, 1, 1, 1, 1, 1, 1, 1, 1, 1, 1, 1, 1]}}