{"real": [1.4156110071756598, 1.2400230748087682, 1.5028118019069883, 2.5756100031641425, 0.9379594412393684, 1.596419430880658, 1.7402309484649316, 1.4273700678642196, 1.2377382387322597, 1.6770340208047123, 0.9046588728766867, 2.5345184282193745, 1.5984722987940232, 1.8444241566713555, 1.363891808145352, 2.4330419788556954, 2.278162386540975, 1.667312583910817, 2.006181754454524, 1.7537281607061284, 1.2642195001104912, 2.230608605673793, 1.9412036089432199, 1.7910502288871053, 2.1758172520271897, 1.5387541279075474, 2.1030789104160634, 1.6841095553216583, 1.157886465773605, 1.740157336641774, 1.8541000286828409, 1.5647271652316932, 1.5228109349464478, 2.7812093589322906, 1.9268629447797314, 1.5367831195794581, 1.4077787998977653, 1.5054205371637635, 2.2618890121314212, 2.071838789645061, 2.193228576103452, 1.8864533724314072, 1.5926094866636238, 2.029191431796161, 2.1892303281876253, 1.8901267373974697, 1.1474503662040294, 2.09997988409968, 1.9588858254043562, 1.7529895771495305], "generated": [1.944684819198673, 1.8371970503622288, 1.915589491952837, 2.665872284079721, 1.8794851292928487, 1.7037242572482834, 1.9111668686137209, 2.0643272996300155, 2.646656067221682, 1.9098276106133145, 1.7445056088028863, 1.929035545777445, 2.496079839169663, 2.0385990546018693, 1.9301566339952305, 2.270838011612772, 2.2568789446486592, 2.2222039947263923, 2.151905924509371, 1.9544564566699014, 1.828873515341148, 2.7592818795582916, 2.9806603748597738, 2.4019352186611025, 2.3913055706203385, 2.1052432981668083, 2.4113265764924607, 2.2723640748667036, 1.94961346472125, 2.4217584712988334, 2.7056244518741113, 2.731666079826414, 2.345480456581721, 2.2611646041319275, 1.6092989000992355, 2.4615859156845366, 1.7368572754534333, 2.0090207288911777, 2.2344133160500923, 2.3724434504789156, 2.702109365120854, 2.82737008698517, 2.1508300829017277, 2.1878700978358996, 2.3342818059048653, 1.9636171344309037, 1.894457872757803, 2.1908234582451795, 2.00414069374805, 2.5748798124306593], "predictions": {"real": [1, 1, 1, 1, 1, 1, 1, 1, 1, 1, 1, 1, 1, 1, 1, 1, 1, 1, 1, 1, 1, 1, 1, 1, 1, 1, 1, 1, 1, 1, 1, 1, 1, 1, 1, 1, 1, 1, 1, 1, 1, 1, 1, 1, 1, 1, 1, 1, 1, 1], "generated": [1, 1, 1, 1, 1, 1, 1, 1, 1, 1, 1, 1, 1, 1, 1, 1, 1, 1, 1, 1, 1, 1, 1, 1, 1, 1, 1, 1, 1, 1, 1, 1, 1, 1, 1, 1, 1, 1, 1, 1, 1, 1, 1, 1, 1, 1, 1, 1, 1, 1]}}