{"real": [1.9290884977981555, 1.3952863284581003, 1.6911367555864987, 2.2398432552004173, 2.200288517932118, 1.9910714738190147, 1.6519709159387386, 2.3008794610287038, 1.4670622813086605, 2.2391039710263576, 1.655206760870219, 1.760759933585457, 1.676091988760057, 1.5304620936128923, 1.9353014383353084, 2.224248174755346, 2.109101054705544, 1.6094434319419881, 1.9897300595892242, 1.2946102581103058, 1.800970284302569, 1.228883868074167, 1.7475013266747668, 1.9117487038097039, 1.7624596055527493, 2.0509042059916047, 2.0016155361959314, 1.7497250584486221, 1.5111175688622223, 2.1618110922211207, 1.228939115708114, 1.4237972508352972, 1.565575431224063, 1.6648459613281108, 1.289277501707677, 1.4382556896872365, 1.2210996818432347, 1.8246362115557868, 1.509661068339756, 2.4545947776451644, 2.09614464942901, 1.2882622567139763, 1.6353511643679408, 2.073937344161888, 1.8225016416560855, 1.6020372567046632, 2.036222430474689, 1.4393882185348628, 1.7150288370286397, 2.0824431093800184], "generated": [1.7592261787859882, 2.46861299653816, 2.1795050955954545, 2.3780835309305113, 1.8867026698165008, 2.010713003156021, 1.996094476469095, 2.631261008874532, 1.602265804773973, 1.535047685157615, 1.711184729605158, 1.7811492440245984, 1.9292490038465933, 2.1929377715313767, 1.9438685452782294, 2.2912723313552856, 2.5348875715616717, 1.7574332184953358, 2.1508151680790855, 2.130164528182011, 1.7820608277185588, 2.0089508499501356, 2.0533240749743396, 2.0596723954929304, 1.885744874204191, 2.314338599145827, 2.1159302468783365, 2.0376463193979246, 1.4547878271419492, 1.7946048682994131, 2.077369265154274, 1.841128327274591, 2.0383060232050667, 2.677040297431316, 1.9688841863449493, 1.9865188587499594, 1.8054687510290726, 1.8891204419306582, 1.8991086594482949, 2.6146818281710575, 1.853336576299081, 2.0377602887275343, 1.882146374221118, 2.1916202506886875, 1.8585874639745181, 1.9958986911671408, 2.4127554690618496, 2.1367384835870897, 2.145932683465552, 2.3342683857657813], "predictions": {"real": [1, 1, 1, 1, 1, 1, 1, 1, 1, 1, 1, 1, 1, 1, 1, 1, 1, 1, 1, 1, 1, 1, 1, 1, 1, 1, 1, 1, 1, 1, 1, 1, 1, 1, 1, 1, 1, 1, 1, 1, 1, 1, 1, 1, 1, 1, 1, 1, 1, 1], "generated": [1, 1, 1, 1, 1, 1, 1, 1, 1, 1, 1, 1, 1, 1, 1, 1, 1, 1, 1, 1, 1, 1, 1, 1, 1, 1, 1, 1, 1, 1, 1, 1, 1, 1, 1, 1, 1, 1, 1, 1, 1, 1, 1, 1, 1, 1, 1, 1, 1, 1]}}